<?xml version="1.0" encoding="UTF-8"?>
<project-private xmlns="http://www.netbeans.org/ns/project-private/1">
    <editor-bookmarks xmlns="http://www.netbeans.org/ns/editor-bookmarks/2" lastBookmarkId="0"/>
    <open-files xmlns="http://www.netbeans.org/ns/projectui-open-files/2">
        <group>
            <file>file:/C:/Users/vieir/OneDrive/Desktop/Orientada%20Objetos/Tarefa%202/src/tarefa/pkg2/Funcionario.java</file>
            <file>file:/C:/Users/vieir/OneDrive/Desktop/Orientada%20Objetos/Tarefa%202/src/tarefa/pkg2/Gerente.java</file>
            <file>file:/C:/Users/vieir/OneDrive/Desktop/Orientada%20Objetos/Tarefa%202/src/tarefa/pkg2/Tarefa2.java</file>
            <file>file:/C:/Users/vieir/OneDrive/Desktop/Orientada%20Objetos/Tarefa%202/src/tarefa/pkg2/Mamifero.java</file>
            <file>file:/C:/Users/vieir/OneDrive/Desktop/Orientada%20Objetos/Tarefa%202/src/tarefa/pkg2/Animal.java</file>
        </group>
    </open-files>
</project-private>
