<?xml version="1.0" encoding="UTF-8"?>
<project-private xmlns="http://www.netbeans.org/ns/project-private/1">
    <editor-bookmarks xmlns="http://www.netbeans.org/ns/editor-bookmarks/2" lastBookmarkId="0"/>
    <open-files xmlns="http://www.netbeans.org/ns/projectui-open-files/2">
        <group>
            <file>file:/C:/Users/vieir/OneDrive/Desktop/Orientada%20Objetos/RPG4/src/rpg4/GameLogic.java</file>
            <file>file:/C:/Users/vieir/OneDrive/Desktop/Orientada%20Objetos/RPG4/src/rpg4/Story.java</file>
            <file>file:/C:/Users/vieir/OneDrive/Desktop/Orientada%20Objetos/RPG4/src/rpg4/Main.java</file>
            <file>file:/C:/Users/vieir/OneDrive/Desktop/Orientada%20Objetos/RPG4/src/rpg4/Enemy.java</file>
            <file>file:/C:/Users/vieir/OneDrive/Desktop/Orientada%20Objetos/RPG4/src/rpg4/Player.java</file>
            <file>file:/C:/Users/vieir/OneDrive/Desktop/Orientada%20Objetos/RPG4/src/rpg4/Character.java</file>
        </group>
    </open-files>
</project-private>
